Raw list - Post / Profiles,Potential filtered profiles,Notes
https://www.linkedin.com/in/bettina-i-berntsen,,Madhav Ref
https://www.linkedin.com/in/pontus-lindgren-aa7538141/,,Madhav Ref
https://www.linkedin.com/feed/update/urn:li:activity:7445372827685441536/?actorCompanyId=74750266,,Arthur's post demo link campaign postees
https://www.linkedin.com/feed/update/urn:li:activity:7448665851106476032/?actorCompanyId=74750266,,Arthur's post demo link campaign postees
https://www.linkedin.com/feed/update/urn:li:activity:7445388886547009536/?actorCompanyId=74750266,,Arthur's post demo link campaign postees
https://www.linkedin.com/feed/update/urn:li:activity:7451009525387558912/?actorCompanyId=74750266,,Arthur's post demo link campaign postees
https://www.linkedin.com/feed/update/urn:li:activity:7452409207959539713/?actorCompanyId=74750266,,Arthur's post demo link campaign postees
https://www.linkedin.com/feed/update/urn:li:activity:7452409525694971904/?actorCompanyId=74750266,,Arthur's post demo link campaign postees
https://www.linkedin.com/feed/update/urn:li:activity:7452410885622579200/?actorCompanyId=74750266,,Arthur's post demo link campaign postees
https://www.linkedin.com/feed/update/urn:li:activity:7452443409639784449/?actorCompanyId=74750266,,Arthur's post demo link campaign postees
https://www.linkedin.com/feed/update/urn:li:activity:7452456070939140096/?actorCompanyId=74750266,,Arthur's post demo link campaign postees
https://www.linkedin.com/feed/update/urn:li:activity:7452461900874956801/?actorCompanyId=74750266,,Arthur's post demo link campaign postees
https://www.linkedin.com/feed/update/urn:li:activity:7452550509556678656/?actorCompanyId=74750266,,Arthur's post demo link campaign postees
https://www.linkedin.com/feed/update/urn:li:activity:7452552040750432256/?actorCompanyId=74750266,,Arthur's post demo link campaign postees
https://www.linkedin.com/feed/update/urn:li:activity:7452653866971684864/?actorCompanyId=74750266,,Arthur's post demo link campaign postees
https://www.linkedin.com/feed/update/urn:li:activity:7452595012124471296/?actorCompanyId=74750266,,Arthur's post demo link campaign postees
https://www.linkedin.com/feed/update/urn:li:activity:7452662276320518145/?actorCompanyId=74750266,,Arthur's post demo link campaign postees
https://www.linkedin.com/feed/update/urn:li:activity:7452690777505210369/?actorCompanyId=74750266,,Arthur's post demo link campaign postees
https://www.linkedin.com/feed/update/urn:li:activity:7452699342613700608/?actorCompanyId=74750266,,Arthur's post demo link campaign postees
https://www.linkedin.com/feed/update/urn:li:activity:7452726545879703555/?actorCompanyId=74750266,,Arthur's post demo link campaign postees
https://www.linkedin.com/feed/update/urn:li:activity:7452752231998722049/?actorCompanyId=74750266,,Arthur's post demo link campaign postees
https://www.linkedin.com/feed/update/urn:li:activity:7452754530645098497/?actorCompanyId=74750266,,Arthur's post demo link campaign postees
https://www.linkedin.com/feed/update/urn:li:activity:7452757262353330176/?actorCompanyId=74750266,,Arthur's post demo link campaign postees
https://www.linkedin.com/feed/update/urn:li:activity:7453005038664269824/?actorCompanyId=74750266,,Arthur's post demo link campaign postees
https://www.linkedin.com/feed/update/urn:li:activity:7453084384733130752/?actorCompanyId=74750266,,Arthur's post demo link campaign postees
https://www.linkedin.com/feed/update/urn:li:activity:7453266295724089344/?actorCompanyId=74750266,,Arthur's post demo link campaign postees
https://www.linkedin.com/feed/update/urn:li:activity:7453334019368366080/?actorCompanyId=74750266,,Arthur's post demo link campaign postees
https://www.linkedin.com/feed/update/urn:li:activity:7453440857992556544/?actorCompanyId=74750266,,Arthur's post demo link campaign postees
https://www.linkedin.com/feed/update/urn:li:activity:7454524054683901952/?actorCompanyId=74750266,,Arthur's post demo link campaign postees
https://www.linkedin.com/feed/update/urn:li:activity:7454907349795946497/?actorCompanyId=74750266,,Arthur's post demo link campaign postees
https://www.linkedin.com/feed/update/urn:li:activity:7454931239498825728/?actorCompanyId=74750266,,Arthur's post demo link campaign postees
https://www.linkedin.com/posts/soc-teams-are-buried-growing-blind-spots-share-7455632094661226496-sKID,,Arthur's post demo link campaign postees
https://www.linkedin.com/feed/update/urn:li:activity:7455280362089435137/?actorCompanyId=74750266,,Arthur's post demo link campaign postees
https://www.linkedin.com/feed/update/urn:li:activity:7455633764531208193/?actorCompanyId=74750266,,Arthur's post demo link campaign postees
https://www.linkedin.com/feed/update/urn:li:activity:7455647658599174144/?actorCompanyId=74750266,,Arthur's post demo link campaign postees
https://www.linkedin.com/posts/alysilver_welcome-to-agent-charley-activity-7455968892230971392-v1xN,,Arthur's post demo link campaign postees
https://www.linkedin.com/feed/update/urn:li:activity:7455967862147616768/,,Arthur's post demo link campaign postees
https://www.linkedin.com/feed/update/urn:li:activity:7455992882580140032/?actorCompanyId=74750266,,Arthur's post demo link campaign postees