Name,Profile URL,Headline,Company,Followers,Connections,Score,Score Breakdown,Role Fit,Is ICP,Avg Engagement,Top Post Engagement,Audience: Total ICP,Audience: Top Title,Pipeline Status,Connection Status,Connection Request Sent,Connection Request Date,Connection Accepted,Follow-up Sent,Follow-up Date,Message Sent,Response,Notes,Source URL
,https://www.linkedin.com/in/bettina-i-berntsen,,,,,,,,,23.6,49,,,Skipped,unknown,,,,,,,,Madhav Ref,https://www.linkedin.com/in/bettina-i-berntsen
,https://www.linkedin.com/in/pontus-lindgren-aa7538141,,,,,,,,,17.9,47,,,Skipped,unknown,,,,,,,,Madhav Ref,https://www.linkedin.com/in/pontus-lindgren-aa7538141/
Jos V.,https://www.linkedin.com/in/jos-van-der-kooij,,,,,,,,,1.0,5,,,Skipped,unknown,,,,,,,,Arthur's post demo link campaign postees,https://www.linkedin.com/feed/update/urn:li:activity:7445372827685441536/?actorCompanyId=74750266
Andrew Walls,https://www.linkedin.com/in/andrewjohnwalls,,,,,,,,,0.9,2,,,Skipped,unknown,,,,,,,,Arthur's post demo link campaign postees,https://www.linkedin.com/feed/update/urn:li:activity:7448665851106476032/?actorCompanyId=74750266
,https://www.linkedin.com/in/keeswolters,,,,,,,,,4.7,7,,,Skipped,unknown,,,,,,,,Arthur's post demo link campaign postees,https://www.linkedin.com/feed/update/urn:li:activity:7445388886547009536/?actorCompanyId=74750266
,https://www.linkedin.com/in/shawn-gordon-37b9916,,,,,,,,,6.0,18,,,Skipped,unknown,,,,,,,,Arthur's post demo link campaign postees,https://www.linkedin.com/feed/update/urn:li:activity:7452410885622579200/?actorCompanyId=74750266
,https://www.linkedin.com/in/aira-mongush,,,,,,,,,3.5,7,,,Skipped,unknown,,,,,,,,Arthur's post demo link campaign postees,https://www.linkedin.com/feed/update/urn:li:activity:7452443409639784449/?actorCompanyId=74750266
,https://www.linkedin.com/in/rewillis,,,,,,,,,55.6,270,,,Skipped,unknown,,,,,,,,Arthur's post demo link campaign postees,https://www.linkedin.com/feed/update/urn:li:activity:7452456070939140096/?actorCompanyId=74750266
,https://www.linkedin.com/in/inkenthomas,,,,,,,,,9.8,21,,,Skipped,unknown,,,,,,,,Arthur's post demo link campaign postees,https://www.linkedin.com/feed/update/urn:li:activity:7452461900874956801/?actorCompanyId=74750266
,https://www.linkedin.com/in/vickranth-muthulingaperumal-352664224,,,,,,,,,1.9,4,,,Skipped,unknown,,,,,,,,Arthur's post demo link campaign postees,https://www.linkedin.com/feed/update/urn:li:activity:7452550509556678656/?actorCompanyId=74750266
,https://www.linkedin.com/in/brintha-kumaresan,,,,,,,,,0.1,1,,,Skipped,unknown,,,,,,,,Arthur's post demo link campaign postees,https://www.linkedin.com/feed/update/urn:li:activity:7452552040750432256/?actorCompanyId=74750266
,https://www.linkedin.com/in/colin-a-campbell,,,,,,,,,2.3,5,,,Skipped,unknown,,,,,,,,Arthur's post demo link campaign postees,https://www.linkedin.com/feed/update/urn:li:activity:7452653866971684864/?actorCompanyId=74750266
,https://www.linkedin.com/in/peterschouba,,,,,,,,,0.6,2,,,Skipped,unknown,,,,,,,,Arthur's post demo link campaign postees,https://www.linkedin.com/feed/update/urn:li:activity:7452595012124471296/?actorCompanyId=74750266
,https://www.linkedin.com/in/mefuller,,,,,,,,,6.0,25,,,Skipped,unknown,,,,,,,,Arthur's post demo link campaign postees,https://www.linkedin.com/feed/update/urn:li:activity:7452662276320518145/?actorCompanyId=74750266
,https://www.linkedin.com/in/raghunathv,,,,,,,,,1.3,5,,,Skipped,unknown,,,,,,,,Arthur's post demo link campaign postees,https://www.linkedin.com/feed/update/urn:li:activity:7452690777505210369/?actorCompanyId=74750266
,https://www.linkedin.com/in/nalinpradeep,,,,,,,,,4.6,13,,,Skipped,unknown,,,,,,,,Arthur's post demo link campaign postees,https://www.linkedin.com/feed/update/urn:li:activity:7452699342613700608/?actorCompanyId=74750266
,https://www.linkedin.com/in/peterpcooper,,,,,,,,,0.4,1,,,Skipped,unknown,,,,,,,,Arthur's post demo link campaign postees,https://www.linkedin.com/feed/update/urn:li:activity:7452726545879703555/?actorCompanyId=74750266
,https://www.linkedin.com/in/lindseyamcdonald29,,,,,,,,,9.5,17,,,Skipped,unknown,,,,,,,,Arthur's post demo link campaign postees,https://www.linkedin.com/feed/update/urn:li:activity:7452752231998722049/?actorCompanyId=74750266
,https://www.linkedin.com/in/kevin-healey-0a815112,,,,,,,,,32.0,101,,,Skipped,unknown,,,,,,,,Arthur's post demo link campaign postees,https://www.linkedin.com/feed/update/urn:li:activity:7452754530645098497/?actorCompanyId=74750266
,https://www.linkedin.com/in/kev-wheatley,,,,,,,,,14.6,82,,,Skipped,unknown,,,,,,,,Arthur's post demo link campaign postees,https://www.linkedin.com/feed/update/urn:li:activity:7452757262353330176/?actorCompanyId=74750266
,https://www.linkedin.com/in/iallen1,,,,,,,,,1.1,6,,,Skipped,unknown,,,,,,,,Arthur's post demo link campaign postees,https://www.linkedin.com/feed/update/urn:li:activity:7453005038664269824/?actorCompanyId=74750266
,https://www.linkedin.com/in/teodorum,,,,,,,,,7.5,10,,,Skipped,unknown,,,,,,,,Arthur's post demo link campaign postees,https://www.linkedin.com/feed/update/urn:li:activity:7453084384733130752/?actorCompanyId=74750266
,https://www.linkedin.com/in/nagarjun-reddy,,,,,,,,,1.9,7,,,Skipped,unknown,,,,,,,,Arthur's post demo link campaign postees,https://www.linkedin.com/feed/update/urn:li:activity:7453266295724089344/?actorCompanyId=74750266
,https://www.linkedin.com/in/usman-shahid-0985ab262,,,,,,,,,0.0,0,,,Skipped,unknown,,,,,,,,Arthur's post demo link campaign postees,https://www.linkedin.com/feed/update/urn:li:activity:7454524054683901952/?actorCompanyId=74750266
,https://www.linkedin.com/in/abiodun-adeyanju-5488a821b,,,,,,,,,0.5,1,,,Skipped,unknown,,,,,,,,Arthur's post demo link campaign postees,https://www.linkedin.com/feed/update/urn:li:activity:7454931239498825728/?actorCompanyId=74750266
,https://www.linkedin.com/in/soc,,,,,,,,,,,,,Skipped,unknown,,,,,,,,Arthur's post demo link campaign postees,https://www.linkedin.com/posts/soc-teams-are-buried-growing-blind-spots-share-7455632094661226496-sKID
,https://www.linkedin.com/in/arthur-castillo,,,,,,,,,12.8,38,,,Skipped,unknown,,,,,,,,Arthur's post demo link campaign postees,https://www.linkedin.com/feed/update/urn:li:activity:7455633764531208193/?actorCompanyId=74750266
,https://www.linkedin.com/in/chris-koehnecke-3619333,,,,,,,,,41.0,236,,,Skipped,unknown,,,,,,,,Arthur's post demo link campaign postees,https://www.linkedin.com/feed/update/urn:li:activity:7455647658599174144/?actorCompanyId=74750266
,https://www.linkedin.com/in/alysilver,,,,,,,,,40.3,227,,,Skipped,unknown,,,,,,,,Arthur's post demo link campaign postees,https://www.linkedin.com/posts/alysilver_welcome-to-agent-charley-activity-7455968892230971392-v1xN
,https://www.linkedin.com/in/anirudh-w,,,,,,,,,8.7,46,,,Skipped,unknown,,,,,,,,Arthur's post demo link campaign postees,https://www.linkedin.com/feed/update/urn:li:activity:7455992882580140032/?actorCompanyId=74750266
,,,,,,,,,,,,,,Extract failed,,,,,,,,,Arthur's post demo link campaign postees,https://www.linkedin.com/feed/update/urn:li:activity:7452409525694971904/?actorCompanyId=74750266
